{
   "services":{

       "morning":{
           "name":"Morning",
           "program":"./morning.py",
           "description":"Returns true when the current local time is between 12am and 6am",
           "configuration":{
               "start":"00:00:00",
               "end":"11:59:59"
           },
           "parameters":[""]
        },

       "afternoon":{
           "name":"Afternoon",
           "program":"./afternoon.py",
           "description":"Returns true when the input time is between 12pm and 6pm",
           "configuration":{
               "start":"12:00:00",
               "end":"17:59:59"
           },
           "parameters":[""]
        },

       "evening":{
          "name":"Evening",
          "program":"./evening.py",
          "description":"Returns true when the input time is between 6pm and 12am",
          "configuration":{
              "start":"18:00:00",
              "end":"23:59:59"
          },
          "parameters":[""]
       },

       "quit if false":{
           "name":"Quit if false",
           "program":"./quit_if_false.py",
           "parameters":"",
           "description":"Triggers an exit of the main script if the prior service in the flow returns sys.exit(1)",
           "input":{
               "type":"boolean"
           },
           "configuration":{
               "":""
           },
           "parameters":[""]
       },

       "not":{
           "name":"Not",
           "program":"./not.py",
           "description":"Changes the code returned from sys.exit() from 0 to 1 or vice versa",
           "input":{
               "type":"boolean"
           },
           "output":{
               "type":"boolean"
           },
           "configuration":{
               "":""
           },
           "parameters":[""]
      },

      "sunrise":{
          "name":"Sunrise",
          "program":"./sunrise.py",
          "description":"Returns the time for sunrise based on a given latitude and longitude",
          "input":{
              "latitude":"float",
              "longitude":"float"
          },
          "output":{
              "type":"time"
          },
          "configuration":{
              "":""
          },
          "parameters":[""]
       },

      "sunset":{
          "name":"Sunset",
          "program":"./sunset.py",
          "description":"Returns the time for sunset based on a given latitude and longitude",
          "input":{
              "latitude":"float",
              "longitude":"float"
          },
          "output":{
              "type":"time"
          },
          "configuration":{
              "":""
          },
          "parameters":[""]

      },

      "append to file":{
          "name":"Append to file",
          "program":"./append.py",
          "description":"saves files in the output file parsed in",
          "input":{
              "filename":""
          },
          "configuration":{
              "":""
          },
          "parameters":[""]
      },

      "time":{
         "name":"Time",
         "program":"./time.py",
         "description":"returns the time",
         "output":{
            "type":"time"
        },
        "configuration":{
            "":""
        },
        "parameters":[""]
    }

},

   "flows":{

      "Append at morning":[
         "time",
         "morning",
         "quit if false",
         "append to file"
     ],

     "Append at afternoon":[
        "time",
        "afternoon",
        "quit if false",
        "append to file"
    ],

      "Append at evening":[
         "time",
         "evening",
         "quit if false",
         "append to file"
     ],

     "Append sunset time":[
        "sunset",
        "quit if false",
        "append to file"
    ],

    "Append sunrise time":[
       "sunrise",
       "quit if false",
       "append to file"
   ],

   "Append time at evening":[
      "evening",
      "quit if false",
      "time",
      "append to file"
  ]

   }
}
